{
	"name": "大地传媒",
	"children": [{
		"name": "大地1",
		"children": [{
			"name": "cluster",
			"children": [
				{"name": "出版社", "value": 3938},
				{"name": "大声大声道", "value": 3812},
				{"name": "恶趣味请问无", "value": 6714},
				{"name": "大到底是", "value": 743}
			]
		},{
			"name": "graph",
			"children": [
				{"name": "大地的", "value": 3534},
				{"name": "阿斯蒂芬广告和", "value": 5731},
				{"name": "大叔大婶", "value": 7840},
				{"name": "带刀侍卫", "value": 5914},
				{"name": "为鹅鹅鹅", "value": 3416}
			]
		},{
			"name": "呜呜呜呜",
			"children": [
				{"name": "大生产成本v", "value": 7074}
			]
		}]
	},{
		"name": "大地2",
		"children": [
			{"name": "多大仇", "value": 17010},
			{"name": "铝合金科技", "value": 5842},
			{
				"name": "哈哈哈",
				"children": [
					{"name": "滚滚滚", "value": 1983},
					{"name": "京津冀", "value": 2047},
					{"name": "你哪呢", "value": 1375},
					{"name": "不不不", "value": 8746},
					{"name": "吃吃啛啛喳喳", "value": 2202},
					{"name": "额鹅鹅鹅", "value": 1382},
					{"name": "吃吃吃吃v", "value": 1629},
					{"name": "不发放日", "value": 1675},
					{"name": "热热", "value": 2042}
				]
			},
			{"name": "一样一样", "value": 1041},
			{"name": "一样一样", "value": 5176},
			{"name": "uuuu", "value": 449},
			{"name": "好好干", "value": 5593},
			{"name": "女女", "value": 5534},
			{"name": "Transition", "value": 9201},
			{"name": "Transitioner", "value": 19975},
			{"name": "TransitionEvent", "value": 1116},
			{"name": "Tween", "value": 6006}
		]
	},{
		"name": "大地3",
		"children": [
			{
				"name": "converters",
				"children": [
					{"name": "Converters", "value": 721},
					{"name": "DelimitedTextConverter", "value": 4294},
					{"name": "GraphMLConverter", "value": 9800},
					{"name": "IDataConverter", "value": 1314},
					{"name": "JSONConverter", "value": 2220}
				]
			},
			{"name": "DataField", "value": 1759},
			{"name": "DataSchema", "value": 2165},
			{"name": "DataSet", "value": 586},
			{"name": "DataSource", "value": 3331},
			{"name": "DataTable", "value": 772},
			{"name": "DataUtil", "value": 3322}
		]
	},{
		"name": "大地4",
		"children": [
			{"name": "DirtySprite", "value": 8833},
			{"name": "LineSprite", "value": 1732},
			{"name": "RectSprite", "value": 3623},
			{"name": "TextSprite", "value": 10066}
		]
	},{
		"name": "大地5",
		"children": [
			{"name": "FlareVis", "value": 4116}
		]
	},
	{
		"name": "大地6",
		"children": [
			{"name": "DragForce", "value": 1082},
			{"name": "GravityForce", "value": 1336},
			{"name": "IForce", "value": 319},
			{"name": "NBodyForce", "value": 10498},
			{"name": "Particle", "value": 2822},
			{"name": "Simulation", "value": 9983},
			{"name": "Spring", "value": 2213},
			{"name": "SpringForce", "value": 1681}
		]
	}]
}